<filetype binary="false" description="Jenkinsfiles" name="Jenkinsfiles">
  <highlighting>
    <options>
      <option name="LINE_COMMENT" value="" />
      <option name="COMMENT_START" value="" />
      <option name="COMMENT_END" value="" />
      <option name="HEX_PREFIX" value="" />
      <option name="NUM_POSTFIXES" value="" />
    </options>
    <keywords keywords="@Library(" ignore_case="false" />
  </highlighting>
  <extensionMap>
    <mapping pattern="*Jenkins*" />
    <mapping pattern="*jenkins*" />
    <mapping pattern="*/jenkins/*" />
    <mapping pattern="release" />
  </extensionMap>
</filetype>