<application>
  <component name="FileTypeManager" version="18">
    <extensionMap>
      <mapping pattern="all" type="AUTO_DETECTED" />
      <mapping pattern="ping" type="AUTO_DETECTED" />
      <mapping pattern="https" type="AUTO_DETECTED" />
      <mapping pattern="interim_usb_kernel_fix" type="AUTO_DETECTED" />
      <mapping pattern="portConfig" type="AUTO_DETECTED" />
      <mapping pattern="ManagementBoard.yml" type="AUTO_DETECTED" />
      <mapping pattern="AmqpTftpDockerfile" type="AUTO_DETECTED" />
      <mapping pattern="License" type="AUTO_DETECTED" />
      <mapping pattern="ManagementBoard" type="AUTO_DETECTED" />
      <mapping pattern="ssl_proxy" type="AUTO_DETECTED" />
      <mapping pattern="nginx" type="AUTO_DETECTED" />
      <mapping pattern="Dockerfile-runInDocker" type="AUTO_DETECTED" />
      <mapping pattern="interim_usb_kernel_fix.txt" type="AUTO_DETECTED" />
      <mapping pattern="scratch" type="AUTO_DETECTED" />
      <mapping pattern="ssl_reverse_proxy" type="AUTO_DETECTED" />
      <mapping pattern="EmulatorDockerfile" type="AUTO_DETECTED" />
      <mapping pattern="dfsg" type="AUTO_DETECTED" />
      <mapping pattern="ManagerDockerfile" type="AUTO_DETECTED" />
      <mapping pattern="env vars" type="AUTO_DETECTED" />
      <mapping pattern="hosts" type="AUTO_DETECTED" />
      <mapping pattern="scratch2" type="AUTO_DETECTED" />
      <mapping pattern="inventory" type="AUTO_DETECTED" />
      <mapping pattern="portConfig.yaml" type="AUTO_DETECTED" />
      <mapping pattern="id_rsa" type="AUTO_DETECTED" />
      <mapping pattern="ssh" type="AUTO_DETECTED" />
      <mapping pattern=".env" type="PLAIN_TEXT" />
      <mapping ext="data" type="PLAIN_TEXT" />
      <mapping ext="pub" type="PLAIN_TEXT" />
      <mapping ext="template" type="PLAIN_TEXT" />
      <removed_mapping pattern="Jenkins*" approved="true" type="Jenkinsfiles" />
      <removed_mapping pattern="jenkins*" approved="true" type="Jenkinsfiles" />
    </extensionMap>
  </component>
</application>