<application>
  <component name="FindSettings">
    <option name="customScope" value="All Places" />
    <option name="defaultScopeName" value="All Places" />
    <option name="SEARCH_SCOPE" value="All Places" />
    <mask>*sts.txt</mask>
    <mask>*stream*</mask>
    <mask>*md</mask>
    <mask>*ml</mask>
    <mask>*file</mask>
    <mask>*txt</mask>
    <mask>*hpp</mask>
    <mask>*spec</mask>
    <mask>*yml</mask>
    <mask>*pp</mask>
    <mask>*json</mask>
    <mask>*rst</mask>
    <mask>*sh</mask>
    <mask>*py</mask>
  </component>
</application>