<application>
  <component name="LineMarkerSettings">
    <option name="providers">
      <map>
        <entry key="RenderedDoc" value="false" />
        <entry key="com.intellij.execution.lineMarker.RunLineMarkerProvider" value="false" />
        <entry key="com.intellij.lang.javascript.highlighting.JSRecursiveCallLineMarkerProvider" value="false" />
        <entry key="com.intellij.sql.editor.SqlRecursiveCallLineMakerProvider" value="false" />
        <entry key="com.intellij.ui.ColorLineMarkerProvider" value="false" />
        <entry key="com.intellij.ws.http.request.codeInsight.HttpRequestDiffLineMarkerProvider" value="false" />
        <entry key="js.implemented" value="false" />
        <entry key="js.implementing" value="false" />
        <entry key="js.overridden" value="false" />
        <entry key="js.overriding" value="false" />
      </map>
    </option>
  </component>
</application>